[
  {
    "points": [
      [
        16,
        97
      ],
      [
        151,
        97
      ],
      [
        151,
        143
      ],
      [
        16,
        143
      ]
    ],
    "slot_id": 1
  },
  {
    "points": [
      [
        499,
        101
      ],
      [
        606,
        101
      ],
      [
        606,
        140
      ],
      [
        499,
        140
      ]
    ],
    "slot_id": 2
  },
  {
    "points": [
      [
        741,
        133
      ],
      [
        858,
        133
      ],
      [
        858,
        189
      ],
      [
        741,
        189
      ]
    ],
    "slot_id": 3
  },
  {
    "points": [
      [
        37,
        336
      ],
      [
        161,
        336
      ],
      [
        161,
        387
      ],
      [
        37,
        387
      ]
    ],
    "slot_id": 4
  },
  {
    "points": [
      [
        51,
        250
      ],
      [
        158,
        250
      ],
      [
        158,
        289
      ],
      [
        51,
        289
      ]
    ],
    "slot_id": 5
  },
  {
    "points": [
      [
        152,
        289
      ],
      [
        244,
        289
      ],
      [
        244,
        327
      ],
      [
        152,
        327
      ]
    ],
    "slot_id": 6
  },
  {
    "points": [
      [
        155,
        336
      ],
      [
        244,
        336
      ],
      [
        244,
        376
      ],
      [
        155,
        376
      ]
    ],
    "slot_id": 7
  },
  {
    "points": [
      [
        163,
        244
      ],
      [
        253,
        244
      ],
      [
        253,
        285
      ],
      [
        163,
        285
      ]
    ],
    "slot_id": 8
  },
  {
    "points": [
      [
        366,
        242
      ],
      [
        500,
        242
      ],
      [
        500,
        287
      ],
      [
        366,
        287
      ]
    ],
    "slot_id": 9
  },
  {
    "points": [
      [
        378,
        343
      ],
      [
        493,
        343
      ],
      [
        493,
        381
      ],
      [
        378,
        381
      ]
    ],
    "slot_id": 10
  },
  {
    "points": [
      [
        501,
        237
      ],
      [
        576,
        237
      ],
      [
        576,
        283
      ],
      [
        501,
        283
      ]
    ],
    "slot_id": 11
  },
  {
    "points": [
      [
        734,
        337
      ],
      [
        847,
        337
      ],
      [
        847,
        375
      ],
      [
        734,
        375
      ]
    ],
    "slot_id": 12
  },
  {
    "points": [
      [
        743,
        289
      ],
      [
        860,
        289
      ],
      [
        860,
        356
      ],
      [
        743,
        356
      ]
    ],
    "slot_id": 13
  },
  {
    "points": [
      [
        747,
        204
      ],
      [
        860,
        204
      ],
      [
        860,
        295
      ],
      [
        747,
        295
      ]
    ],
    "slot_id": 14
  },
  {
    "points": [
      [
        153,
        430
      ],
      [
        266,
        430
      ],
      [
        266,
        480
      ],
      [
        153,
        480
      ]
    ],
    "slot_id": 15
  },
  {
    "points": [
      [
        383,
        427
      ],
      [
        509,
        427
      ],
      [
        509,
        476
      ],
      [
        383,
        476
      ]
    ],
    "slot_id": 16
  },
  {
    "points": [
      [
        52,
        536
      ],
      [
        125,
        536
      ],
      [
        125,
        573
      ],
      [
        52,
        573
      ]
    ],
    "slot_id": 17
  },
  {
    "points": [
      [
        33,
        583
      ],
      [
        153,
        583
      ],
      [
        153,
        622
      ],
      [
        33,
        622
      ]
    ],
    "slot_id": 18
  },
  {
    "points": [
      [
        174,
        582
      ],
      [
        292,
        582
      ],
      [
        292,
        621
      ],
      [
        174,
        621
      ]
    ],
    "slot_id": 19
  },
  {
    "points": [
      [
        399,
        623
      ],
      [
        469,
        623
      ],
      [
        469,
        667
      ],
      [
        399,
        667
      ]
    ],
    "slot_id": 20
  },
  {
    "points": [
      [
        390,
        523
      ],
      [
        510,
        523
      ],
      [
        510,
        570
      ],
      [
        390,
        570
      ]
    ],
    "slot_id": 21
  },
  {
    "points": [
      [
        504,
        568
      ],
      [
        605,
        568
      ],
      [
        605,
        618
      ],
      [
        504,
        618
      ]
    ],
    "slot_id": 22
  },
  {
    "points": [
      [
        735,
        625
      ],
      [
        850,
        625
      ],
      [
        850,
        664
      ],
      [
        735,
        664
      ]
    ],
    "slot_id": 23
  },
  {
    "points": [
      [
        743,
        545
      ],
      [
        865,
        545
      ],
      [
        865,
        671
      ],
      [
        743,
        671
      ]
    ],
    "slot_id": 24
  },
  {
    "points": [
      [
        55,
        56
      ],
      [
        180,
        56
      ],
      [
        180,
        162
      ],
      [
        55,
        162
      ]
    ],
    "slot_id": 25
  },
  {
    "points": [
      [
        55,
        162
      ],
      [
        180,
        162
      ],
      [
        180,
        219
      ],
      [
        55,
        219
      ]
    ],
    "slot_id": 26
  },
  {
    "points": [
      [
        55,
        219
      ],
      [
        180,
        219
      ],
      [
        180,
        273
      ],
      [
        55,
        273
      ]
    ],
    "slot_id": 27
  },
  {
    "points": [
      [
        55,
        273
      ],
      [
        180,
        273
      ],
      [
        180,
        328
      ],
      [
        55,
        328
      ]
    ],
    "slot_id": 28
  },
  {
    "points": [
      [
        55,
        328
      ],
      [
        180,
        328
      ],
      [
        180,
        383
      ],
      [
        55,
        383
      ]
    ],
    "slot_id": 29
  },
  {
    "points": [
      [
        55,
        383
      ],
      [
        180,
        383
      ],
      [
        180,
        439
      ],
      [
        55,
        439
      ]
    ],
    "slot_id": 30
  },
  {
    "points": [
      [
        55,
        439
      ],
      [
        180,
        439
      ],
      [
        180,
        495
      ],
      [
        55,
        495
      ]
    ],
    "slot_id": 31
  },
  {
    "points": [
      [
        55,
        495
      ],
      [
        180,
        495
      ],
      [
        180,
        578
      ],
      [
        55,
        578
      ]
    ],
    "slot_id": 32
  },
  {
    "points": [
      [
        55,
        578
      ],
      [
        180,
        578
      ],
      [
        180,
        661
      ],
      [
        55,
        661
      ]
    ],
    "slot_id": 33
  },
  {
    "points": [
      [
        55,
        661
      ],
      [
        180,
        661
      ],
      [
        180,
        716
      ],
      [
        55,
        716
      ]
    ],
    "slot_id": 34
  },
  {
    "points": [
      [
        55,
        716
      ],
      [
        180,
        716
      ],
      [
        180,
        800
      ],
      [
        55,
        800
      ]
    ],
    "slot_id": 35
  },
  {
    "points": [
      [
        180,
        56
      ],
      [
        304,
        56
      ],
      [
        304,
        162
      ],
      [
        180,
        162
      ]
    ],
    "slot_id": 36
  },
  {
    "points": [
      [
        180,
        162
      ],
      [
        304,
        162
      ],
      [
        304,
        219
      ],
      [
        180,
        219
      ]
    ],
    "slot_id": 37
  },
  {
    "points": [
      [
        180,
        219
      ],
      [
        304,
        219
      ],
      [
        304,
        273
      ],
      [
        180,
        273
      ]
    ],
    "slot_id": 38
  },
  {
    "points": [
      [
        180,
        273
      ],
      [
        304,
        273
      ],
      [
        304,
        328
      ],
      [
        180,
        328
      ]
    ],
    "slot_id": 39
  },
  {
    "points": [
      [
        180,
        328
      ],
      [
        304,
        328
      ],
      [
        304,
        383
      ],
      [
        180,
        383
      ]
    ],
    "slot_id": 40
  },
  {
    "points": [
      [
        180,
        383
      ],
      [
        304,
        383
      ],
      [
        304,
        439
      ],
      [
        180,
        439
      ]
    ],
    "slot_id": 41
  },
  {
    "points": [
      [
        180,
        439
      ],
      [
        304,
        439
      ],
      [
        304,
        495
      ],
      [
        180,
        495
      ]
    ],
    "slot_id": 42
  },
  {
    "points": [
      [
        180,
        495
      ],
      [
        304,
        495
      ],
      [
        304,
        578
      ],
      [
        180,
        578
      ]
    ],
    "slot_id": 43
  },
  {
    "points": [
      [
        180,
        578
      ],
      [
        304,
        578
      ],
      [
        304,
        661
      ],
      [
        180,
        661
      ]
    ],
    "slot_id": 44
  },
  {
    "points": [
      [
        180,
        661
      ],
      [
        304,
        661
      ],
      [
        304,
        716
      ],
      [
        180,
        716
      ]
    ],
    "slot_id": 45
  },
  {
    "points": [
      [
        180,
        716
      ],
      [
        304,
        716
      ],
      [
        304,
        800
      ],
      [
        180,
        800
      ]
    ],
    "slot_id": 46
  },
  {
    "points": [
      [
        304,
        219
      ],
      [
        459,
        219
      ],
      [
        459,
        273
      ],
      [
        304,
        273
      ]
    ],
    "slot_id": 47
  },
  {
    "points": [
      [
        459,
        56
      ],
      [
        584,
        56
      ],
      [
        584,
        162
      ],
      [
        459,
        162
      ]
    ],
    "slot_id": 48
  },
  {
    "points": [
      [
        459,
        162
      ],
      [
        584,
        162
      ],
      [
        584,
        219
      ],
      [
        459,
        219
      ]
    ],
    "slot_id": 49
  },
  {
    "points": [
      [
        459,
        219
      ],
      [
        584,
        219
      ],
      [
        584,
        273
      ],
      [
        459,
        273
      ]
    ],
    "slot_id": 50
  },
  {
    "points": [
      [
        459,
        273
      ],
      [
        584,
        273
      ],
      [
        584,
        328
      ],
      [
        459,
        328
      ]
    ],
    "slot_id": 51
  },
  {
    "points": [
      [
        459,
        328
      ],
      [
        584,
        328
      ],
      [
        584,
        383
      ],
      [
        459,
        383
      ]
    ],
    "slot_id": 52
  },
  {
    "points": [
      [
        459,
        383
      ],
      [
        584,
        383
      ],
      [
        584,
        439
      ],
      [
        459,
        439
      ]
    ],
    "slot_id": 53
  },
  {
    "points": [
      [
        459,
        439
      ],
      [
        584,
        439
      ],
      [
        584,
        495
      ],
      [
        459,
        495
      ]
    ],
    "slot_id": 54
  },
  {
    "points": [
      [
        459,
        495
      ],
      [
        584,
        495
      ],
      [
        584,
        578
      ],
      [
        459,
        578
      ]
    ],
    "slot_id": 55
  },
  {
    "points": [
      [
        459,
        578
      ],
      [
        584,
        578
      ],
      [
        584,
        661
      ],
      [
        459,
        661
      ]
    ],
    "slot_id": 56
  },
  {
    "points": [
      [
        459,
        661
      ],
      [
        584,
        661
      ],
      [
        584,
        716
      ],
      [
        459,
        716
      ]
    ],
    "slot_id": 57
  },
  {
    "points": [
      [
        459,
        716
      ],
      [
        584,
        716
      ],
      [
        584,
        800
      ],
      [
        459,
        800
      ]
    ],
    "slot_id": 58
  },
  {
    "points": [
      [
        584,
        56
      ],
      [
        711,
        56
      ],
      [
        711,
        162
      ],
      [
        584,
        162
      ]
    ],
    "slot_id": 59
  },
  {
    "points": [
      [
        584,
        162
      ],
      [
        711,
        162
      ],
      [
        711,
        219
      ],
      [
        584,
        219
      ]
    ],
    "slot_id": 60
  },
  {
    "points": [
      [
        584,
        219
      ],
      [
        711,
        219
      ],
      [
        711,
        273
      ],
      [
        584,
        273
      ]
    ],
    "slot_id": 61
  },
  {
    "points": [
      [
        584,
        273
      ],
      [
        711,
        273
      ],
      [
        711,
        328
      ],
      [
        584,
        328
      ]
    ],
    "slot_id": 62
  },
  {
    "points": [
      [
        584,
        328
      ],
      [
        711,
        328
      ],
      [
        711,
        383
      ],
      [
        584,
        383
      ]
    ],
    "slot_id": 63
  },
  {
    "points": [
      [
        584,
        383
      ],
      [
        711,
        383
      ],
      [
        711,
        439
      ],
      [
        584,
        439
      ]
    ],
    "slot_id": 64
  },
  {
    "points": [
      [
        584,
        439
      ],
      [
        711,
        439
      ],
      [
        711,
        495
      ],
      [
        584,
        495
      ]
    ],
    "slot_id": 65
  },
  {
    "points": [
      [
        584,
        495
      ],
      [
        711,
        495
      ],
      [
        711,
        578
      ],
      [
        584,
        578
      ]
    ],
    "slot_id": 66
  },
  {
    "points": [
      [
        584,
        578
      ],
      [
        711,
        578
      ],
      [
        711,
        661
      ],
      [
        584,
        661
      ]
    ],
    "slot_id": 67
  },
  {
    "points": [
      [
        584,
        661
      ],
      [
        711,
        661
      ],
      [
        711,
        716
      ],
      [
        584,
        716
      ]
    ],
    "slot_id": 68
  },
  {
    "points": [
      [
        584,
        716
      ],
      [
        711,
        716
      ],
      [
        711,
        800
      ],
      [
        584,
        800
      ]
    ],
    "slot_id": 69
  },
  {
    "points": [
      [
        711,
        162
      ],
      [
        866,
        162
      ],
      [
        866,
        219
      ],
      [
        711,
        219
      ]
    ],
    "slot_id": 70
  },
  {
    "points": [
      [
        866,
        56
      ],
      [
        1025,
        56
      ],
      [
        1025,
        162
      ],
      [
        866,
        162
      ]
    ],
    "slot_id": 71
  },
  {
    "points": [
      [
        866,
        162
      ],
      [
        1025,
        162
      ],
      [
        1025,
        219
      ],
      [
        866,
        219
      ]
    ],
    "slot_id": 72
  },
  {
    "points": [
      [
        866,
        219
      ],
      [
        1025,
        219
      ],
      [
        1025,
        273
      ],
      [
        866,
        273
      ]
    ],
    "slot_id": 73
  },
  {
    "points": [
      [
        866,
        273
      ],
      [
        1025,
        273
      ],
      [
        1025,
        328
      ],
      [
        866,
        328
      ]
    ],
    "slot_id": 74
  },
  {
    "points": [
      [
        866,
        328
      ],
      [
        1025,
        328
      ],
      [
        1025,
        383
      ],
      [
        866,
        383
      ]
    ],
    "slot_id": 75
  },
  {
    "points": [
      [
        866,
        383
      ],
      [
        1025,
        383
      ],
      [
        1025,
        439
      ],
      [
        866,
        439
      ]
    ],
    "slot_id": 76
  },
  {
    "points": [
      [
        866,
        439
      ],
      [
        1025,
        439
      ],
      [
        1025,
        495
      ],
      [
        866,
        495
      ]
    ],
    "slot_id": 77
  },
  {
    "points": [
      [
        866,
        495
      ],
      [
        1025,
        495
      ],
      [
        1025,
        578
      ],
      [
        866,
        578
      ]
    ],
    "slot_id": 78
  },
  {
    "points": [
      [
        866,
        578
      ],
      [
        1025,
        578
      ],
      [
        1025,
        661
      ],
      [
        866,
        661
      ]
    ],
    "slot_id": 79
  },
  {
    "points": [
      [
        866,
        661
      ],
      [
        1025,
        661
      ],
      [
        1025,
        716
      ],
      [
        866,
        716
      ]
    ],
    "slot_id": 80
  },
  {
    "points": [
      [
        866,
        716
      ],
      [
        1025,
        716
      ],
      [
        1025,
        800
      ],
      [
        866,
        800
      ]
    ],
    "slot_id": 81
  },
  {
    "points": [
      [
        1025,
        56
      ],
      [
        1166,
        56
      ],
      [
        1166,
        162
      ],
      [
        1025,
        162
      ]
    ],
    "slot_id": 82
  },
  {
    "points": [
      [
        1025,
        162
      ],
      [
        1166,
        162
      ],
      [
        1166,
        219
      ],
      [
        1025,
        219
      ]
    ],
    "slot_id": 83
  },
  {
    "points": [
      [
        1025,
        219
      ],
      [
        1166,
        219
      ],
      [
        1166,
        273
      ],
      [
        1025,
        273
      ]
    ],
    "slot_id": 84
  },
  {
    "points": [
      [
        1025,
        273
      ],
      [
        1166,
        273
      ],
      [
        1166,
        328
      ],
      [
        1025,
        328
      ]
    ],
    "slot_id": 85
  },
  {
    "points": [
      [
        1025,
        328
      ],
      [
        1166,
        328
      ],
      [
        1166,
        383
      ],
      [
        1025,
        383
      ]
    ],
    "slot_id": 86
  },
  {
    "points": [
      [
        1025,
        383
      ],
      [
        1166,
        383
      ],
      [
        1166,
        439
      ],
      [
        1025,
        439
      ]
    ],
    "slot_id": 87
  },
  {
    "points": [
      [
        1025,
        439
      ],
      [
        1166,
        439
      ],
      [
        1166,
        495
      ],
      [
        1025,
        495
      ]
    ],
    "slot_id": 88
  },
  {
    "points": [
      [
        1025,
        495
      ],
      [
        1166,
        495
      ],
      [
        1166,
        578
      ],
      [
        1025,
        578
      ]
    ],
    "slot_id": 89
  },
  {
    "points": [
      [
        1025,
        578
      ],
      [
        1166,
        578
      ],
      [
        1166,
        661
      ],
      [
        1025,
        661
      ]
    ],
    "slot_id": 90
  },
  {
    "points": [
      [
        1025,
        661
      ],
      [
        1166,
        661
      ],
      [
        1166,
        716
      ],
      [
        1025,
        716
      ]
    ],
    "slot_id": 91
  },
  {
    "points": [
      [
        1025,
        716
      ],
      [
        1166,
        716
      ],
      [
        1166,
        800
      ],
      [
        1025,
        800
      ]
    ],
    "slot_id": 92
  },
  {
    "points": [
      [
        55,
        56
      ],
      [
        180,
        56
      ],
      [
        180,
        162
      ],
      [
        55,
        162
      ]
    ],
    "slot_id": 93
  },
  {
    "points": [
      [
        55,
        162
      ],
      [
        180,
        162
      ],
      [
        180,
        219
      ],
      [
        55,
        219
      ]
    ],
    "slot_id": 94
  },
  {
    "points": [
      [
        55,
        219
      ],
      [
        180,
        219
      ],
      [
        180,
        273
      ],
      [
        55,
        273
      ]
    ],
    "slot_id": 95
  },
  {
    "points": [
      [
        55,
        273
      ],
      [
        180,
        273
      ],
      [
        180,
        328
      ],
      [
        55,
        328
      ]
    ],
    "slot_id": 96
  },
  {
    "points": [
      [
        55,
        328
      ],
      [
        180,
        328
      ],
      [
        180,
        383
      ],
      [
        55,
        383
      ]
    ],
    "slot_id": 97
  },
  {
    "points": [
      [
        55,
        383
      ],
      [
        180,
        383
      ],
      [
        180,
        439
      ],
      [
        55,
        439
      ]
    ],
    "slot_id": 98
  },
  {
    "points": [
      [
        55,
        439
      ],
      [
        180,
        439
      ],
      [
        180,
        495
      ],
      [
        55,
        495
      ]
    ],
    "slot_id": 99
  },
  {
    "points": [
      [
        55,
        495
      ],
      [
        180,
        495
      ],
      [
        180,
        578
      ],
      [
        55,
        578
      ]
    ],
    "slot_id": 100
  },
  {
    "points": [
      [
        55,
        578
      ],
      [
        180,
        578
      ],
      [
        180,
        661
      ],
      [
        55,
        661
      ]
    ],
    "slot_id": 101
  },
  {
    "points": [
      [
        55,
        661
      ],
      [
        180,
        661
      ],
      [
        180,
        716
      ],
      [
        55,
        716
      ]
    ],
    "slot_id": 102
  },
  {
    "points": [
      [
        55,
        716
      ],
      [
        180,
        716
      ],
      [
        180,
        800
      ],
      [
        55,
        800
      ]
    ],
    "slot_id": 103
  },
  {
    "points": [
      [
        180,
        56
      ],
      [
        304,
        56
      ],
      [
        304,
        162
      ],
      [
        180,
        162
      ]
    ],
    "slot_id": 104
  },
  {
    "points": [
      [
        180,
        162
      ],
      [
        304,
        162
      ],
      [
        304,
        219
      ],
      [
        180,
        219
      ]
    ],
    "slot_id": 105
  },
  {
    "points": [
      [
        180,
        219
      ],
      [
        304,
        219
      ],
      [
        304,
        273
      ],
      [
        180,
        273
      ]
    ],
    "slot_id": 106
  },
  {
    "points": [
      [
        180,
        273
      ],
      [
        304,
        273
      ],
      [
        304,
        328
      ],
      [
        180,
        328
      ]
    ],
    "slot_id": 107
  },
  {
    "points": [
      [
        180,
        328
      ],
      [
        304,
        328
      ],
      [
        304,
        383
      ],
      [
        180,
        383
      ]
    ],
    "slot_id": 108
  },
  {
    "points": [
      [
        180,
        383
      ],
      [
        304,
        383
      ],
      [
        304,
        439
      ],
      [
        180,
        439
      ]
    ],
    "slot_id": 109
  },
  {
    "points": [
      [
        180,
        439
      ],
      [
        304,
        439
      ],
      [
        304,
        495
      ],
      [
        180,
        495
      ]
    ],
    "slot_id": 110
  },
  {
    "points": [
      [
        180,
        495
      ],
      [
        304,
        495
      ],
      [
        304,
        578
      ],
      [
        180,
        578
      ]
    ],
    "slot_id": 111
  },
  {
    "points": [
      [
        180,
        578
      ],
      [
        304,
        578
      ],
      [
        304,
        661
      ],
      [
        180,
        661
      ]
    ],
    "slot_id": 112
  },
  {
    "points": [
      [
        180,
        661
      ],
      [
        304,
        661
      ],
      [
        304,
        716
      ],
      [
        180,
        716
      ]
    ],
    "slot_id": 113
  },
  {
    "points": [
      [
        180,
        716
      ],
      [
        304,
        716
      ],
      [
        304,
        800
      ],
      [
        180,
        800
      ]
    ],
    "slot_id": 114
  },
  {
    "points": [
      [
        304,
        219
      ],
      [
        459,
        219
      ],
      [
        459,
        273
      ],
      [
        304,
        273
      ]
    ],
    "slot_id": 115
  },
  {
    "points": [
      [
        459,
        56
      ],
      [
        584,
        56
      ],
      [
        584,
        162
      ],
      [
        459,
        162
      ]
    ],
    "slot_id": 116
  },
  {
    "points": [
      [
        459,
        162
      ],
      [
        584,
        162
      ],
      [
        584,
        219
      ],
      [
        459,
        219
      ]
    ],
    "slot_id": 117
  },
  {
    "points": [
      [
        459,
        219
      ],
      [
        584,
        219
      ],
      [
        584,
        273
      ],
      [
        459,
        273
      ]
    ],
    "slot_id": 118
  },
  {
    "points": [
      [
        459,
        273
      ],
      [
        584,
        273
      ],
      [
        584,
        328
      ],
      [
        459,
        328
      ]
    ],
    "slot_id": 119
  },
  {
    "points": [
      [
        459,
        328
      ],
      [
        584,
        328
      ],
      [
        584,
        383
      ],
      [
        459,
        383
      ]
    ],
    "slot_id": 120
  },
  {
    "points": [
      [
        459,
        383
      ],
      [
        584,
        383
      ],
      [
        584,
        439
      ],
      [
        459,
        439
      ]
    ],
    "slot_id": 121
  },
  {
    "points": [
      [
        459,
        439
      ],
      [
        584,
        439
      ],
      [
        584,
        495
      ],
      [
        459,
        495
      ]
    ],
    "slot_id": 122
  },
  {
    "points": [
      [
        459,
        495
      ],
      [
        584,
        495
      ],
      [
        584,
        578
      ],
      [
        459,
        578
      ]
    ],
    "slot_id": 123
  },
  {
    "points": [
      [
        459,
        578
      ],
      [
        584,
        578
      ],
      [
        584,
        661
      ],
      [
        459,
        661
      ]
    ],
    "slot_id": 124
  },
  {
    "points": [
      [
        459,
        661
      ],
      [
        584,
        661
      ],
      [
        584,
        716
      ],
      [
        459,
        716
      ]
    ],
    "slot_id": 125
  },
  {
    "points": [
      [
        459,
        716
      ],
      [
        584,
        716
      ],
      [
        584,
        800
      ],
      [
        459,
        800
      ]
    ],
    "slot_id": 126
  },
  {
    "points": [
      [
        584,
        56
      ],
      [
        711,
        56
      ],
      [
        711,
        162
      ],
      [
        584,
        162
      ]
    ],
    "slot_id": 127
  },
  {
    "points": [
      [
        584,
        162
      ],
      [
        711,
        162
      ],
      [
        711,
        219
      ],
      [
        584,
        219
      ]
    ],
    "slot_id": 128
  },
  {
    "points": [
      [
        584,
        219
      ],
      [
        711,
        219
      ],
      [
        711,
        273
      ],
      [
        584,
        273
      ]
    ],
    "slot_id": 129
  },
  {
    "points": [
      [
        584,
        273
      ],
      [
        711,
        273
      ],
      [
        711,
        328
      ],
      [
        584,
        328
      ]
    ],
    "slot_id": 130
  },
  {
    "points": [
      [
        584,
        328
      ],
      [
        711,
        328
      ],
      [
        711,
        383
      ],
      [
        584,
        383
      ]
    ],
    "slot_id": 131
  },
  {
    "points": [
      [
        584,
        383
      ],
      [
        711,
        383
      ],
      [
        711,
        439
      ],
      [
        584,
        439
      ]
    ],
    "slot_id": 132
  },
  {
    "points": [
      [
        584,
        439
      ],
      [
        711,
        439
      ],
      [
        711,
        495
      ],
      [
        584,
        495
      ]
    ],
    "slot_id": 133
  },
  {
    "points": [
      [
        584,
        495
      ],
      [
        711,
        495
      ],
      [
        711,
        578
      ],
      [
        584,
        578
      ]
    ],
    "slot_id": 134
  },
  {
    "points": [
      [
        584,
        578
      ],
      [
        711,
        578
      ],
      [
        711,
        661
      ],
      [
        584,
        661
      ]
    ],
    "slot_id": 135
  },
  {
    "points": [
      [
        584,
        661
      ],
      [
        711,
        661
      ],
      [
        711,
        716
      ],
      [
        584,
        716
      ]
    ],
    "slot_id": 136
  },
  {
    "points": [
      [
        584,
        716
      ],
      [
        711,
        716
      ],
      [
        711,
        800
      ],
      [
        584,
        800
      ]
    ],
    "slot_id": 137
  },
  {
    "points": [
      [
        711,
        162
      ],
      [
        866,
        162
      ],
      [
        866,
        219
      ],
      [
        711,
        219
      ]
    ],
    "slot_id": 138
  },
  {
    "points": [
      [
        866,
        56
      ],
      [
        1025,
        56
      ],
      [
        1025,
        162
      ],
      [
        866,
        162
      ]
    ],
    "slot_id": 139
  },
  {
    "points": [
      [
        866,
        162
      ],
      [
        1025,
        162
      ],
      [
        1025,
        219
      ],
      [
        866,
        219
      ]
    ],
    "slot_id": 140
  },
  {
    "points": [
      [
        866,
        219
      ],
      [
        1025,
        219
      ],
      [
        1025,
        273
      ],
      [
        866,
        273
      ]
    ],
    "slot_id": 141
  },
  {
    "points": [
      [
        866,
        273
      ],
      [
        1025,
        273
      ],
      [
        1025,
        328
      ],
      [
        866,
        328
      ]
    ],
    "slot_id": 142
  },
  {
    "points": [
      [
        866,
        328
      ],
      [
        1025,
        328
      ],
      [
        1025,
        383
      ],
      [
        866,
        383
      ]
    ],
    "slot_id": 143
  },
  {
    "points": [
      [
        866,
        383
      ],
      [
        1025,
        383
      ],
      [
        1025,
        439
      ],
      [
        866,
        439
      ]
    ],
    "slot_id": 144
  },
  {
    "points": [
      [
        866,
        439
      ],
      [
        1025,
        439
      ],
      [
        1025,
        495
      ],
      [
        866,
        495
      ]
    ],
    "slot_id": 145
  },
  {
    "points": [
      [
        866,
        495
      ],
      [
        1025,
        495
      ],
      [
        1025,
        578
      ],
      [
        866,
        578
      ]
    ],
    "slot_id": 146
  },
  {
    "points": [
      [
        866,
        578
      ],
      [
        1025,
        578
      ],
      [
        1025,
        661
      ],
      [
        866,
        661
      ]
    ],
    "slot_id": 147
  },
  {
    "points": [
      [
        866,
        661
      ],
      [
        1025,
        661
      ],
      [
        1025,
        716
      ],
      [
        866,
        716
      ]
    ],
    "slot_id": 148
  },
  {
    "points": [
      [
        866,
        716
      ],
      [
        1025,
        716
      ],
      [
        1025,
        800
      ],
      [
        866,
        800
      ]
    ],
    "slot_id": 149
  },
  {
    "points": [
      [
        1025,
        56
      ],
      [
        1166,
        56
      ],
      [
        1166,
        162
      ],
      [
        1025,
        162
      ]
    ],
    "slot_id": 150
  },
  {
    "points": [
      [
        1025,
        162
      ],
      [
        1166,
        162
      ],
      [
        1166,
        219
      ],
      [
        1025,
        219
      ]
    ],
    "slot_id": 151
  },
  {
    "points": [
      [
        1025,
        219
      ],
      [
        1166,
        219
      ],
      [
        1166,
        273
      ],
      [
        1025,
        273
      ]
    ],
    "slot_id": 152
  },
  {
    "points": [
      [
        1025,
        273
      ],
      [
        1166,
        273
      ],
      [
        1166,
        328
      ],
      [
        1025,
        328
      ]
    ],
    "slot_id": 153
  },
  {
    "points": [
      [
        1025,
        328
      ],
      [
        1166,
        328
      ],
      [
        1166,
        383
      ],
      [
        1025,
        383
      ]
    ],
    "slot_id": 154
  },
  {
    "points": [
      [
        1025,
        383
      ],
      [
        1166,
        383
      ],
      [
        1166,
        439
      ],
      [
        1025,
        439
      ]
    ],
    "slot_id": 155
  },
  {
    "points": [
      [
        1025,
        439
      ],
      [
        1166,
        439
      ],
      [
        1166,
        495
      ],
      [
        1025,
        495
      ]
    ],
    "slot_id": 156
  },
  {
    "points": [
      [
        1025,
        495
      ],
      [
        1166,
        495
      ],
      [
        1166,
        578
      ],
      [
        1025,
        578
      ]
    ],
    "slot_id": 157
  },
  {
    "points": [
      [
        1025,
        578
      ],
      [
        1166,
        578
      ],
      [
        1166,
        661
      ],
      [
        1025,
        661
      ]
    ],
    "slot_id": 158
  },
  {
    "points": [
      [
        1025,
        661
      ],
      [
        1166,
        661
      ],
      [
        1166,
        716
      ],
      [
        1025,
        716
      ]
    ],
    "slot_id": 159
  },
  {
    "points": [
      [
        1025,
        716
      ],
      [
        1166,
        716
      ],
      [
        1166,
        800
      ],
      [
        1025,
        800
      ]
    ],
    "slot_id": 160
  },
  {
    "points": [
      [
        55,
        56
      ],
      [
        180,
        56
      ],
      [
        180,
        162
      ],
      [
        55,
        162
      ]
    ],
    "slot_id": 161
  },
  {
    "points": [
      [
        55,
        162
      ],
      [
        180,
        162
      ],
      [
        180,
        219
      ],
      [
        55,
        219
      ]
    ],
    "slot_id": 162
  },
  {
    "points": [
      [
        55,
        219
      ],
      [
        180,
        219
      ],
      [
        180,
        273
      ],
      [
        55,
        273
      ]
    ],
    "slot_id": 163
  },
  {
    "points": [
      [
        55,
        273
      ],
      [
        180,
        273
      ],
      [
        180,
        328
      ],
      [
        55,
        328
      ]
    ],
    "slot_id": 164
  },
  {
    "points": [
      [
        55,
        328
      ],
      [
        180,
        328
      ],
      [
        180,
        383
      ],
      [
        55,
        383
      ]
    ],
    "slot_id": 165
  },
  {
    "points": [
      [
        55,
        383
      ],
      [
        180,
        383
      ],
      [
        180,
        439
      ],
      [
        55,
        439
      ]
    ],
    "slot_id": 166
  },
  {
    "points": [
      [
        55,
        439
      ],
      [
        180,
        439
      ],
      [
        180,
        495
      ],
      [
        55,
        495
      ]
    ],
    "slot_id": 167
  },
  {
    "points": [
      [
        55,
        495
      ],
      [
        180,
        495
      ],
      [
        180,
        578
      ],
      [
        55,
        578
      ]
    ],
    "slot_id": 168
  },
  {
    "points": [
      [
        55,
        578
      ],
      [
        180,
        578
      ],
      [
        180,
        661
      ],
      [
        55,
        661
      ]
    ],
    "slot_id": 169
  },
  {
    "points": [
      [
        55,
        661
      ],
      [
        180,
        661
      ],
      [
        180,
        716
      ],
      [
        55,
        716
      ]
    ],
    "slot_id": 170
  },
  {
    "points": [
      [
        55,
        716
      ],
      [
        180,
        716
      ],
      [
        180,
        800
      ],
      [
        55,
        800
      ]
    ],
    "slot_id": 171
  },
  {
    "points": [
      [
        180,
        56
      ],
      [
        304,
        56
      ],
      [
        304,
        162
      ],
      [
        180,
        162
      ]
    ],
    "slot_id": 172
  },
  {
    "points": [
      [
        180,
        162
      ],
      [
        304,
        162
      ],
      [
        304,
        219
      ],
      [
        180,
        219
      ]
    ],
    "slot_id": 173
  },
  {
    "points": [
      [
        180,
        219
      ],
      [
        304,
        219
      ],
      [
        304,
        273
      ],
      [
        180,
        273
      ]
    ],
    "slot_id": 174
  },
  {
    "points": [
      [
        180,
        273
      ],
      [
        304,
        273
      ],
      [
        304,
        328
      ],
      [
        180,
        328
      ]
    ],
    "slot_id": 175
  },
  {
    "points": [
      [
        180,
        328
      ],
      [
        304,
        328
      ],
      [
        304,
        383
      ],
      [
        180,
        383
      ]
    ],
    "slot_id": 176
  },
  {
    "points": [
      [
        180,
        383
      ],
      [
        304,
        383
      ],
      [
        304,
        439
      ],
      [
        180,
        439
      ]
    ],
    "slot_id": 177
  },
  {
    "points": [
      [
        180,
        439
      ],
      [
        304,
        439
      ],
      [
        304,
        495
      ],
      [
        180,
        495
      ]
    ],
    "slot_id": 178
  },
  {
    "points": [
      [
        180,
        495
      ],
      [
        304,
        495
      ],
      [
        304,
        578
      ],
      [
        180,
        578
      ]
    ],
    "slot_id": 179
  },
  {
    "points": [
      [
        180,
        578
      ],
      [
        304,
        578
      ],
      [
        304,
        661
      ],
      [
        180,
        661
      ]
    ],
    "slot_id": 180
  },
  {
    "points": [
      [
        180,
        661
      ],
      [
        304,
        661
      ],
      [
        304,
        716
      ],
      [
        180,
        716
      ]
    ],
    "slot_id": 181
  },
  {
    "points": [
      [
        180,
        716
      ],
      [
        304,
        716
      ],
      [
        304,
        800
      ],
      [
        180,
        800
      ]
    ],
    "slot_id": 182
  },
  {
    "points": [
      [
        304,
        219
      ],
      [
        459,
        219
      ],
      [
        459,
        273
      ],
      [
        304,
        273
      ]
    ],
    "slot_id": 183
  },
  {
    "points": [
      [
        459,
        56
      ],
      [
        584,
        56
      ],
      [
        584,
        162
      ],
      [
        459,
        162
      ]
    ],
    "slot_id": 184
  },
  {
    "points": [
      [
        459,
        162
      ],
      [
        584,
        162
      ],
      [
        584,
        219
      ],
      [
        459,
        219
      ]
    ],
    "slot_id": 185
  },
  {
    "points": [
      [
        459,
        219
      ],
      [
        584,
        219
      ],
      [
        584,
        273
      ],
      [
        459,
        273
      ]
    ],
    "slot_id": 186
  },
  {
    "points": [
      [
        459,
        273
      ],
      [
        584,
        273
      ],
      [
        584,
        328
      ],
      [
        459,
        328
      ]
    ],
    "slot_id": 187
  },
  {
    "points": [
      [
        459,
        328
      ],
      [
        584,
        328
      ],
      [
        584,
        383
      ],
      [
        459,
        383
      ]
    ],
    "slot_id": 188
  },
  {
    "points": [
      [
        459,
        383
      ],
      [
        584,
        383
      ],
      [
        584,
        439
      ],
      [
        459,
        439
      ]
    ],
    "slot_id": 189
  },
  {
    "points": [
      [
        459,
        439
      ],
      [
        584,
        439
      ],
      [
        584,
        495
      ],
      [
        459,
        495
      ]
    ],
    "slot_id": 190
  },
  {
    "points": [
      [
        459,
        495
      ],
      [
        584,
        495
      ],
      [
        584,
        578
      ],
      [
        459,
        578
      ]
    ],
    "slot_id": 191
  },
  {
    "points": [
      [
        459,
        578
      ],
      [
        584,
        578
      ],
      [
        584,
        661
      ],
      [
        459,
        661
      ]
    ],
    "slot_id": 192
  },
  {
    "points": [
      [
        459,
        661
      ],
      [
        584,
        661
      ],
      [
        584,
        716
      ],
      [
        459,
        716
      ]
    ],
    "slot_id": 193
  },
  {
    "points": [
      [
        459,
        716
      ],
      [
        584,
        716
      ],
      [
        584,
        800
      ],
      [
        459,
        800
      ]
    ],
    "slot_id": 194
  },
  {
    "points": [
      [
        584,
        56
      ],
      [
        711,
        56
      ],
      [
        711,
        162
      ],
      [
        584,
        162
      ]
    ],
    "slot_id": 195
  },
  {
    "points": [
      [
        584,
        162
      ],
      [
        711,
        162
      ],
      [
        711,
        219
      ],
      [
        584,
        219
      ]
    ],
    "slot_id": 196
  },
  {
    "points": [
      [
        584,
        219
      ],
      [
        711,
        219
      ],
      [
        711,
        273
      ],
      [
        584,
        273
      ]
    ],
    "slot_id": 197
  },
  {
    "points": [
      [
        584,
        273
      ],
      [
        711,
        273
      ],
      [
        711,
        328
      ],
      [
        584,
        328
      ]
    ],
    "slot_id": 198
  },
  {
    "points": [
      [
        584,
        328
      ],
      [
        711,
        328
      ],
      [
        711,
        383
      ],
      [
        584,
        383
      ]
    ],
    "slot_id": 199
  },
  {
    "points": [
      [
        584,
        383
      ],
      [
        711,
        383
      ],
      [
        711,
        439
      ],
      [
        584,
        439
      ]
    ],
    "slot_id": 200
  },
  {
    "points": [
      [
        584,
        439
      ],
      [
        711,
        439
      ],
      [
        711,
        495
      ],
      [
        584,
        495
      ]
    ],
    "slot_id": 201
  },
  {
    "points": [
      [
        584,
        495
      ],
      [
        711,
        495
      ],
      [
        711,
        578
      ],
      [
        584,
        578
      ]
    ],
    "slot_id": 202
  },
  {
    "points": [
      [
        584,
        578
      ],
      [
        711,
        578
      ],
      [
        711,
        661
      ],
      [
        584,
        661
      ]
    ],
    "slot_id": 203
  },
  {
    "points": [
      [
        584,
        661
      ],
      [
        711,
        661
      ],
      [
        711,
        716
      ],
      [
        584,
        716
      ]
    ],
    "slot_id": 204
  },
  {
    "points": [
      [
        584,
        716
      ],
      [
        711,
        716
      ],
      [
        711,
        800
      ],
      [
        584,
        800
      ]
    ],
    "slot_id": 205
  },
  {
    "points": [
      [
        711,
        162
      ],
      [
        866,
        162
      ],
      [
        866,
        219
      ],
      [
        711,
        219
      ]
    ],
    "slot_id": 206
  },
  {
    "points": [
      [
        866,
        56
      ],
      [
        1025,
        56
      ],
      [
        1025,
        162
      ],
      [
        866,
        162
      ]
    ],
    "slot_id": 207
  },
  {
    "points": [
      [
        866,
        162
      ],
      [
        1025,
        162
      ],
      [
        1025,
        219
      ],
      [
        866,
        219
      ]
    ],
    "slot_id": 208
  },
  {
    "points": [
      [
        866,
        219
      ],
      [
        1025,
        219
      ],
      [
        1025,
        273
      ],
      [
        866,
        273
      ]
    ],
    "slot_id": 209
  },
  {
    "points": [
      [
        866,
        273
      ],
      [
        1025,
        273
      ],
      [
        1025,
        328
      ],
      [
        866,
        328
      ]
    ],
    "slot_id": 210
  },
  {
    "points": [
      [
        866,
        328
      ],
      [
        1025,
        328
      ],
      [
        1025,
        383
      ],
      [
        866,
        383
      ]
    ],
    "slot_id": 211
  },
  {
    "points": [
      [
        866,
        383
      ],
      [
        1025,
        383
      ],
      [
        1025,
        439
      ],
      [
        866,
        439
      ]
    ],
    "slot_id": 212
  },
  {
    "points": [
      [
        866,
        439
      ],
      [
        1025,
        439
      ],
      [
        1025,
        495
      ],
      [
        866,
        495
      ]
    ],
    "slot_id": 213
  },
  {
    "points": [
      [
        866,
        495
      ],
      [
        1025,
        495
      ],
      [
        1025,
        578
      ],
      [
        866,
        578
      ]
    ],
    "slot_id": 214
  },
  {
    "points": [
      [
        866,
        578
      ],
      [
        1025,
        578
      ],
      [
        1025,
        661
      ],
      [
        866,
        661
      ]
    ],
    "slot_id": 215
  },
  {
    "points": [
      [
        866,
        661
      ],
      [
        1025,
        661
      ],
      [
        1025,
        716
      ],
      [
        866,
        716
      ]
    ],
    "slot_id": 216
  },
  {
    "points": [
      [
        866,
        716
      ],
      [
        1025,
        716
      ],
      [
        1025,
        800
      ],
      [
        866,
        800
      ]
    ],
    "slot_id": 217
  },
  {
    "points": [
      [
        1025,
        56
      ],
      [
        1166,
        56
      ],
      [
        1166,
        162
      ],
      [
        1025,
        162
      ]
    ],
    "slot_id": 218
  },
  {
    "points": [
      [
        1025,
        162
      ],
      [
        1166,
        162
      ],
      [
        1166,
        219
      ],
      [
        1025,
        219
      ]
    ],
    "slot_id": 219
  },
  {
    "points": [
      [
        1025,
        219
      ],
      [
        1166,
        219
      ],
      [
        1166,
        273
      ],
      [
        1025,
        273
      ]
    ],
    "slot_id": 220
  },
  {
    "points": [
      [
        1025,
        273
      ],
      [
        1166,
        273
      ],
      [
        1166,
        328
      ],
      [
        1025,
        328
      ]
    ],
    "slot_id": 221
  },
  {
    "points": [
      [
        1025,
        328
      ],
      [
        1166,
        328
      ],
      [
        1166,
        383
      ],
      [
        1025,
        383
      ]
    ],
    "slot_id": 222
  },
  {
    "points": [
      [
        1025,
        383
      ],
      [
        1166,
        383
      ],
      [
        1166,
        439
      ],
      [
        1025,
        439
      ]
    ],
    "slot_id": 223
  },
  {
    "points": [
      [
        1025,
        439
      ],
      [
        1166,
        439
      ],
      [
        1166,
        495
      ],
      [
        1025,
        495
      ]
    ],
    "slot_id": 224
  },
  {
    "points": [
      [
        1025,
        495
      ],
      [
        1166,
        495
      ],
      [
        1166,
        578
      ],
      [
        1025,
        578
      ]
    ],
    "slot_id": 225
  },
  {
    "points": [
      [
        1025,
        578
      ],
      [
        1166,
        578
      ],
      [
        1166,
        661
      ],
      [
        1025,
        661
      ]
    ],
    "slot_id": 226
  },
  {
    "points": [
      [
        1025,
        661
      ],
      [
        1166,
        661
      ],
      [
        1166,
        716
      ],
      [
        1025,
        716
      ]
    ],
    "slot_id": 227
  },
  {
    "points": [
      [
        1025,
        716
      ],
      [
        1166,
        716
      ],
      [
        1166,
        800
      ],
      [
        1025,
        800
      ]
    ],
    "slot_id": 228
  },
  {
    "points": [
      [
        55,
        56
      ],
      [
        180,
        56
      ],
      [
        180,
        162
      ],
      [
        55,
        162
      ]
    ],
    "slot_id": 229
  },
  {
    "points": [
      [
        55,
        162
      ],
      [
        180,
        162
      ],
      [
        180,
        219
      ],
      [
        55,
        219
      ]
    ],
    "slot_id": 230
  },
  {
    "points": [
      [
        55,
        219
      ],
      [
        180,
        219
      ],
      [
        180,
        273
      ],
      [
        55,
        273
      ]
    ],
    "slot_id": 231
  },
  {
    "points": [
      [
        55,
        273
      ],
      [
        180,
        273
      ],
      [
        180,
        328
      ],
      [
        55,
        328
      ]
    ],
    "slot_id": 232
  },
  {
    "points": [
      [
        55,
        328
      ],
      [
        180,
        328
      ],
      [
        180,
        383
      ],
      [
        55,
        383
      ]
    ],
    "slot_id": 233
  },
  {
    "points": [
      [
        55,
        383
      ],
      [
        180,
        383
      ],
      [
        180,
        439
      ],
      [
        55,
        439
      ]
    ],
    "slot_id": 234
  },
  {
    "points": [
      [
        55,
        439
      ],
      [
        180,
        439
      ],
      [
        180,
        495
      ],
      [
        55,
        495
      ]
    ],
    "slot_id": 235
  },
  {
    "points": [
      [
        55,
        495
      ],
      [
        180,
        495
      ],
      [
        180,
        578
      ],
      [
        55,
        578
      ]
    ],
    "slot_id": 236
  },
  {
    "points": [
      [
        55,
        578
      ],
      [
        180,
        578
      ],
      [
        180,
        661
      ],
      [
        55,
        661
      ]
    ],
    "slot_id": 237
  },
  {
    "points": [
      [
        55,
        661
      ],
      [
        180,
        661
      ],
      [
        180,
        716
      ],
      [
        55,
        716
      ]
    ],
    "slot_id": 238
  },
  {
    "points": [
      [
        55,
        716
      ],
      [
        180,
        716
      ],
      [
        180,
        800
      ],
      [
        55,
        800
      ]
    ],
    "slot_id": 239
  },
  {
    "points": [
      [
        180,
        56
      ],
      [
        304,
        56
      ],
      [
        304,
        162
      ],
      [
        180,
        162
      ]
    ],
    "slot_id": 240
  },
  {
    "points": [
      [
        180,
        162
      ],
      [
        304,
        162
      ],
      [
        304,
        219
      ],
      [
        180,
        219
      ]
    ],
    "slot_id": 241
  },
  {
    "points": [
      [
        180,
        219
      ],
      [
        304,
        219
      ],
      [
        304,
        273
      ],
      [
        180,
        273
      ]
    ],
    "slot_id": 242
  },
  {
    "points": [
      [
        180,
        273
      ],
      [
        304,
        273
      ],
      [
        304,
        328
      ],
      [
        180,
        328
      ]
    ],
    "slot_id": 243
  },
  {
    "points": [
      [
        180,
        328
      ],
      [
        304,
        328
      ],
      [
        304,
        383
      ],
      [
        180,
        383
      ]
    ],
    "slot_id": 244
  },
  {
    "points": [
      [
        180,
        383
      ],
      [
        304,
        383
      ],
      [
        304,
        439
      ],
      [
        180,
        439
      ]
    ],
    "slot_id": 245
  },
  {
    "points": [
      [
        180,
        439
      ],
      [
        304,
        439
      ],
      [
        304,
        495
      ],
      [
        180,
        495
      ]
    ],
    "slot_id": 246
  },
  {
    "points": [
      [
        180,
        495
      ],
      [
        304,
        495
      ],
      [
        304,
        578
      ],
      [
        180,
        578
      ]
    ],
    "slot_id": 247
  },
  {
    "points": [
      [
        180,
        578
      ],
      [
        304,
        578
      ],
      [
        304,
        661
      ],
      [
        180,
        661
      ]
    ],
    "slot_id": 248
  },
  {
    "points": [
      [
        180,
        661
      ],
      [
        304,
        661
      ],
      [
        304,
        716
      ],
      [
        180,
        716
      ]
    ],
    "slot_id": 249
  },
  {
    "points": [
      [
        180,
        716
      ],
      [
        304,
        716
      ],
      [
        304,
        800
      ],
      [
        180,
        800
      ]
    ],
    "slot_id": 250
  },
  {
    "points": [
      [
        304,
        219
      ],
      [
        459,
        219
      ],
      [
        459,
        273
      ],
      [
        304,
        273
      ]
    ],
    "slot_id": 251
  },
  {
    "points": [
      [
        459,
        56
      ],
      [
        584,
        56
      ],
      [
        584,
        162
      ],
      [
        459,
        162
      ]
    ],
    "slot_id": 252
  },
  {
    "points": [
      [
        459,
        162
      ],
      [
        584,
        162
      ],
      [
        584,
        219
      ],
      [
        459,
        219
      ]
    ],
    "slot_id": 253
  },
  {
    "points": [
      [
        459,
        219
      ],
      [
        584,
        219
      ],
      [
        584,
        273
      ],
      [
        459,
        273
      ]
    ],
    "slot_id": 254
  },
  {
    "points": [
      [
        459,
        273
      ],
      [
        584,
        273
      ],
      [
        584,
        328
      ],
      [
        459,
        328
      ]
    ],
    "slot_id": 255
  },
  {
    "points": [
      [
        459,
        328
      ],
      [
        584,
        328
      ],
      [
        584,
        383
      ],
      [
        459,
        383
      ]
    ],
    "slot_id": 256
  },
  {
    "points": [
      [
        459,
        383
      ],
      [
        584,
        383
      ],
      [
        584,
        439
      ],
      [
        459,
        439
      ]
    ],
    "slot_id": 257
  },
  {
    "points": [
      [
        459,
        439
      ],
      [
        584,
        439
      ],
      [
        584,
        495
      ],
      [
        459,
        495
      ]
    ],
    "slot_id": 258
  },
  {
    "points": [
      [
        459,
        495
      ],
      [
        584,
        495
      ],
      [
        584,
        578
      ],
      [
        459,
        578
      ]
    ],
    "slot_id": 259
  },
  {
    "points": [
      [
        459,
        578
      ],
      [
        584,
        578
      ],
      [
        584,
        661
      ],
      [
        459,
        661
      ]
    ],
    "slot_id": 260
  },
  {
    "points": [
      [
        459,
        661
      ],
      [
        584,
        661
      ],
      [
        584,
        716
      ],
      [
        459,
        716
      ]
    ],
    "slot_id": 261
  },
  {
    "points": [
      [
        459,
        716
      ],
      [
        584,
        716
      ],
      [
        584,
        800
      ],
      [
        459,
        800
      ]
    ],
    "slot_id": 262
  },
  {
    "points": [
      [
        584,
        56
      ],
      [
        711,
        56
      ],
      [
        711,
        162
      ],
      [
        584,
        162
      ]
    ],
    "slot_id": 263
  },
  {
    "points": [
      [
        584,
        162
      ],
      [
        711,
        162
      ],
      [
        711,
        219
      ],
      [
        584,
        219
      ]
    ],
    "slot_id": 264
  },
  {
    "points": [
      [
        584,
        219
      ],
      [
        711,
        219
      ],
      [
        711,
        273
      ],
      [
        584,
        273
      ]
    ],
    "slot_id": 265
  },
  {
    "points": [
      [
        584,
        273
      ],
      [
        711,
        273
      ],
      [
        711,
        328
      ],
      [
        584,
        328
      ]
    ],
    "slot_id": 266
  },
  {
    "points": [
      [
        584,
        328
      ],
      [
        711,
        328
      ],
      [
        711,
        383
      ],
      [
        584,
        383
      ]
    ],
    "slot_id": 267
  },
  {
    "points": [
      [
        584,
        383
      ],
      [
        711,
        383
      ],
      [
        711,
        439
      ],
      [
        584,
        439
      ]
    ],
    "slot_id": 268
  },
  {
    "points": [
      [
        584,
        439
      ],
      [
        711,
        439
      ],
      [
        711,
        495
      ],
      [
        584,
        495
      ]
    ],
    "slot_id": 269
  },
  {
    "points": [
      [
        584,
        495
      ],
      [
        711,
        495
      ],
      [
        711,
        578
      ],
      [
        584,
        578
      ]
    ],
    "slot_id": 270
  },
  {
    "points": [
      [
        584,
        578
      ],
      [
        711,
        578
      ],
      [
        711,
        661
      ],
      [
        584,
        661
      ]
    ],
    "slot_id": 271
  },
  {
    "points": [
      [
        584,
        661
      ],
      [
        711,
        661
      ],
      [
        711,
        716
      ],
      [
        584,
        716
      ]
    ],
    "slot_id": 272
  },
  {
    "points": [
      [
        584,
        716
      ],
      [
        711,
        716
      ],
      [
        711,
        800
      ],
      [
        584,
        800
      ]
    ],
    "slot_id": 273
  },
  {
    "points": [
      [
        711,
        162
      ],
      [
        866,
        162
      ],
      [
        866,
        219
      ],
      [
        711,
        219
      ]
    ],
    "slot_id": 274
  },
  {
    "points": [
      [
        866,
        56
      ],
      [
        1025,
        56
      ],
      [
        1025,
        162
      ],
      [
        866,
        162
      ]
    ],
    "slot_id": 275
  },
  {
    "points": [
      [
        866,
        162
      ],
      [
        1025,
        162
      ],
      [
        1025,
        219
      ],
      [
        866,
        219
      ]
    ],
    "slot_id": 276
  },
  {
    "points": [
      [
        866,
        219
      ],
      [
        1025,
        219
      ],
      [
        1025,
        273
      ],
      [
        866,
        273
      ]
    ],
    "slot_id": 277
  },
  {
    "points": [
      [
        866,
        273
      ],
      [
        1025,
        273
      ],
      [
        1025,
        328
      ],
      [
        866,
        328
      ]
    ],
    "slot_id": 278
  },
  {
    "points": [
      [
        866,
        328
      ],
      [
        1025,
        328
      ],
      [
        1025,
        383
      ],
      [
        866,
        383
      ]
    ],
    "slot_id": 279
  },
  {
    "points": [
      [
        866,
        383
      ],
      [
        1025,
        383
      ],
      [
        1025,
        439
      ],
      [
        866,
        439
      ]
    ],
    "slot_id": 280
  },
  {
    "points": [
      [
        866,
        439
      ],
      [
        1025,
        439
      ],
      [
        1025,
        495
      ],
      [
        866,
        495
      ]
    ],
    "slot_id": 281
  },
  {
    "points": [
      [
        866,
        495
      ],
      [
        1025,
        495
      ],
      [
        1025,
        578
      ],
      [
        866,
        578
      ]
    ],
    "slot_id": 282
  },
  {
    "points": [
      [
        866,
        578
      ],
      [
        1025,
        578
      ],
      [
        1025,
        661
      ],
      [
        866,
        661
      ]
    ],
    "slot_id": 283
  },
  {
    "points": [
      [
        866,
        661
      ],
      [
        1025,
        661
      ],
      [
        1025,
        716
      ],
      [
        866,
        716
      ]
    ],
    "slot_id": 284
  },
  {
    "points": [
      [
        866,
        716
      ],
      [
        1025,
        716
      ],
      [
        1025,
        800
      ],
      [
        866,
        800
      ]
    ],
    "slot_id": 285
  },
  {
    "points": [
      [
        1025,
        56
      ],
      [
        1166,
        56
      ],
      [
        1166,
        162
      ],
      [
        1025,
        162
      ]
    ],
    "slot_id": 286
  },
  {
    "points": [
      [
        1025,
        162
      ],
      [
        1166,
        162
      ],
      [
        1166,
        219
      ],
      [
        1025,
        219
      ]
    ],
    "slot_id": 287
  },
  {
    "points": [
      [
        1025,
        219
      ],
      [
        1166,
        219
      ],
      [
        1166,
        273
      ],
      [
        1025,
        273
      ]
    ],
    "slot_id": 288
  },
  {
    "points": [
      [
        1025,
        273
      ],
      [
        1166,
        273
      ],
      [
        1166,
        328
      ],
      [
        1025,
        328
      ]
    ],
    "slot_id": 289
  },
  {
    "points": [
      [
        1025,
        328
      ],
      [
        1166,
        328
      ],
      [
        1166,
        383
      ],
      [
        1025,
        383
      ]
    ],
    "slot_id": 290
  },
  {
    "points": [
      [
        1025,
        383
      ],
      [
        1166,
        383
      ],
      [
        1166,
        439
      ],
      [
        1025,
        439
      ]
    ],
    "slot_id": 291
  },
  {
    "points": [
      [
        1025,
        439
      ],
      [
        1166,
        439
      ],
      [
        1166,
        495
      ],
      [
        1025,
        495
      ]
    ],
    "slot_id": 292
  },
  {
    "points": [
      [
        1025,
        495
      ],
      [
        1166,
        495
      ],
      [
        1166,
        578
      ],
      [
        1025,
        578
      ]
    ],
    "slot_id": 293
  },
  {
    "points": [
      [
        1025,
        578
      ],
      [
        1166,
        578
      ],
      [
        1166,
        661
      ],
      [
        1025,
        661
      ]
    ],
    "slot_id": 294
  },
  {
    "points": [
      [
        1025,
        661
      ],
      [
        1166,
        661
      ],
      [
        1166,
        716
      ],
      [
        1025,
        716
      ]
    ],
    "slot_id": 295
  },
  {
    "points": [
      [
        1025,
        716
      ],
      [
        1166,
        716
      ],
      [
        1166,
        800
      ],
      [
        1025,
        800
      ]
    ],
    "slot_id": 296
  }
]